id,amount_microusd
req-0000001,52741
req-0000061,54424
req-0000121,4122
req-0000181,15900
req-0000241,12592
req-0000301,10425
req-0000361,148350
req-0000421,112097
req-0000481,21518
req-0000541,7767
req-0000601,37805
req-0000661,36335
req-0000721,18367
req-0000781,61657
req-0000841,20853
req-0000901,22095
req-0000961,51769
req-0001021,31360
req-0001081,18529
req-0001141,15586
req-0001201,43344
req-0001261,16916
req-0001321,11439
req-0001381,6708
req-0001441,18487
req-0001501,40593
req-0001561,17239
req-0001621,12441
req-0001681,3457
req-0001741,34548
req-0001801,10994
req-0001861,33057
req-0001921,10258
req-0001981,6633
req-0002041,26196
req-0002101,2429
req-0002161,20745
req-0002221,39071
req-0002281,23429
req-0002341,99472
req-0002401,30128
req-0002461,51640
req-0002521,22752
req-0002581,5470
req-0002641,53008
req-0002701,14326
req-0002761,9813
req-0002821,7770
req-0002881,26646
req-0002941,43128
req-0003001,15250
req-0003061,26916
req-0003121,8930
req-0003181,14571
req-0003241,10838
req-0003301,12840
req-0003361,69853
req-0003421,18118
req-0003481,14401
req-0003541,2780
req-0003601,23672
req-0003661,10593
req-0003721,20104
req-0003781,7940
req-0003841,43899
req-0003901,28401
req-0003961,22601
req-0004021,7540
req-0004081,77387
req-0004141,143277
req-0004201,85460
req-0004261,67280
req-0004321,65143
req-0004381,50537
req-0004441,14795
req-0004501,29560
req-0004561,90269
req-0004621,25339
req-0004681,5677
req-0004741,13563
req-0004801,15502
req-0004861,64363
req-0004921,4813
req-0004981,52243
req-0005041,5516
req-0005101,8850
req-0005161,10964
req-0005221,30998
req-0005281,9302
req-0005341,40577
req-0005401,4817
req-0005461,28452
req-0005521,14103
req-0005581,15813
req-0005641,53787
req-0005701,11619
req-0005761,74478
req-0005821,15774
req-0005881,19882
req-0005941,34433
req-0006001,10855
req-0006061,11753
req-0006121,0
req-0006181,15466
req-0006241,16227
req-0006301,71520
req-0006361,11457
req-0006421,19779
req-0006481,11324
req-0006541,13821
req-0006601,13972
req-0006661,15689
req-0006721,24470
req-0006781,14482
req-0006841,31683
req-0006901,19512
req-0006961,16598
req-0007021,17712
req-0007081,134875
req-0007141,29784
req-0007201,18139
req-0007261,13397
req-0007321,12074
req-0007381,7945
req-0007441,44716
req-0007501,33804
req-0007561,9021
req-0007621,28090
req-0007681,17291
req-0007741,95858
req-0007801,25037
req-0007861,58658
req-0007921,9154
req-0007981,0
req-0008041,5065
req-0008101,5082
req-0008161,106947
req-0008221,5432
req-0008281,48816
req-0008341,17760
req-0008401,54650
req-0008461,133162
req-0008521,49160
req-0008581,32388
req-0008641,6622
req-0008701,23218
req-0008761,22976
req-0008821,20544
req-0008881,59125
req-0008941,127996
req-0009001,3051
req-0009061,15293
req-0009121,1651
req-0009181,37813
req-0009241,65568
req-0009301,14557
req-0009361,15182
req-0009421,17924
req-0009481,53469
req-0009541,16617
req-0009601,0
req-0009661,8113
req-0009721,14830
req-0009781,17964
req-0009841,24582
req-0009901,15824
req-0009961,19392
req-0010021,10961
req-0010081,20358
req-0010141,18406
req-0010201,56792
req-0010261,31519
req-0010321,16382
req-0010381,25850
req-0010441,23223
req-0010501,29505
req-0010561,20820
req-0010621,15576
req-0010681,4748
req-0010741,74015
req-0010801,18182
req-0010861,36764
req-0010921,66276
req-0010981,24591
req-0011041,18436
req-0011101,30085
req-0011161,50058
req-0011221,7736
req-0011281,57194
req-0011341,14508
req-0011401,77359
req-0011461,0
req-0011521,19231
req-0011581,28349
req-0011641,29445
req-0011701,27070
req-0011761,113108
req-0011821,13673
req-0011881,22680
req-0011941,3713
req-0012001,26830
req-0012061,19913
req-0012121,10485
req-0012181,7628
req-0012241,24976
req-0012301,71807
req-0012361,59128
req-0012421,19917
req-0012481,8977
req-0012541,14081
req-0012601,42618
req-0012661,81849
req-0012721,5058
req-0012781,21723
req-0012841,55028
req-0012901,6777
req-0012961,7694
req-0013021,25143
req-0013081,9559
req-0013141,10246
req-0013201,25132
req-0013261,10221
req-0013321,85298
req-0013381,96255
req-0013441,4906
req-0013501,54084
req-0013561,20981
req-0013621,6074
req-0013681,15884
req-0013741,38187
req-0013801,14171
req-0013861,13053
req-0013921,11540
req-0013981,26516
req-0014041,13693
req-0014101,18959
req-0014161,33421
req-0014221,70323
req-0014281,19203
req-0014341,17868
req-0014401,42271
req-0014461,32778
req-0014521,54229
req-0014581,28320
req-0014641,27395
req-0014701,22927
req-0014761,14919
req-0014821,22597
req-0014881,16213
req-0014941,12270
req-0015001,4811
req-0015061,117893
req-0015121,22823
req-0015181,16290
req-0015241,22513
req-0015301,21100
req-0015361,21863
req-0015421,16860
req-0015481,39855
req-0015541,16814
req-0015601,29271
req-0015661,19656
req-0015721,8404
req-0015781,20883
req-0015841,13598
req-0015901,18152
req-0015961,10498
req-0016021,19513
req-0016081,19876
req-0016141,11010
req-0016201,42193
req-0016261,9509
req-0016321,22064
req-0016381,15312
req-0016441,8289
req-0016501,11465
req-0016561,41135
req-0016621,17004
req-0016681,55553
req-0016741,13625
req-0016801,13693
req-0016861,5533
req-0016921,16106
req-0016981,9143
req-0017041,18290
req-0017101,5102
req-0017161,47476
req-0017221,32436
req-0017281,97464
req-0017341,36399
req-0017401,11502
req-0017461,6782
req-0017521,110032
req-0017581,17371
req-0017641,8823
req-0017701,8157
req-0017761,55336
req-0017821,15477
req-0017881,12496
req-0017941,83922
req-0018001,119692
req-0018061,8051
req-0018121,17167
req-0018181,8785
req-0018241,36296
req-0018301,7793
req-0018361,19881
req-0018421,11293
req-0018481,37688
req-0018541,7349
req-0018601,11050
req-0018661,71252
req-0018721,13172
req-0018781,9400
req-0018841,19947
req-0018901,36068
req-0018961,19184
req-0019021,7970
req-0019081,37409
req-0019141,72119
req-0019201,32118
req-0019261,14536
req-0019321,23044
req-0019381,3248
req-0019441,16819
req-0019501,11841
req-0019561,20704
req-0019621,39070
req-0019681,21562
req-0019741,19822
req-0019801,12975
req-0019861,45801
req-0019921,47007
req-0019981,20258
req-0020041,3602
req-0020101,9174
req-0020161,18323
req-0020221,37334
req-0020281,5083
req-0020341,141450
req-0020401,64551
req-0020461,24465
req-0020521,70554
req-0020581,33436
req-0020641,12557
req-0020701,14161
req-0020761,42536
req-0020821,7115
req-0020881,12115
req-0020941,66647
req-0021001,58683
req-0021061,132221
req-0021121,70643
req-0021181,8179
req-0021241,6615
req-0021301,14317
req-0021361,5663
req-0021421,15446
req-0021481,11385
req-0021541,9511
req-0021601,18669
req-0021661,129802
req-0021721,21483
req-0021781,20329
req-0021841,0
req-0021901,3418
req-0021961,15080
req-0022021,54933
req-0022081,11854
req-0022141,87800
req-0022201,15606
req-0022261,15055
req-0022321,13539
req-0022381,13729
req-0022441,14706
req-0022501,16972
req-0022561,17474
req-0022621,7487
req-0022681,21052
req-0022741,28651
req-0022801,14121
req-0022861,20948
req-0022921,8015
req-0022981,19630
req-0023041,4422
req-0023101,46096
req-0023161,5881
req-0023221,49604
req-0023281,18619
req-0023341,36376
req-0023401,27961
req-0023461,58731
req-0023521,23682
req-0023581,6031
req-0023641,59586
req-0023701,8649
req-0023761,17320
req-0023821,45052
req-0023881,6107
req-0023941,33603
req-0024001,13853
req-0024061,11453
req-0024121,23837
req-0024181,26794
req-0024241,100120
req-0024301,33758
req-0024361,74855
req-0024421,41576
req-0024481,156072
req-0024541,8383
req-0024601,23270
req-0024661,26465
req-0024721,38432
req-0024781,23377
req-0024841,6846
req-0024901,0
req-0024961,16692
req-0025021,13012
req-0025081,23568
req-0025141,17820
req-0025201,12875
req-0025261,10859
req-0025321,10831
req-0025381,28686
req-0025441,20631
req-0025501,36490
req-0025561,18371
req-0025621,30786
req-0025681,28581
req-0025741,14243
req-0025801,110146
req-0025861,14423
req-0025921,60988
req-0025981,31029
req-0026041,0
req-0026101,17723
req-0026161,56179
req-0026221,59300
req-0026281,131919
req-0026341,14262
req-0026401,55035
req-0026461,17248
req-0026521,14851
req-0026581,11757
req-0026641,13880
req-0026701,7601
req-0026761,46084
req-0026821,25674
req-0026881,27217
req-0026941,12957
req-0027001,10132
req-0027061,16104
req-0027121,17606
req-0027181,43469
req-0027241,25083
req-0027301,6439
req-0027361,39822
req-0027421,6813
req-0027481,13588
req-0027541,32986
req-0027601,13422
req-0027661,13222
req-0027721,12519
req-0027781,17819
req-0027841,11459
req-0027901,9113
req-0027961,64850
req-0028021,13916
req-0028081,70522
req-0028141,27064
req-0028201,1004
req-0028261,102252
req-0028321,57878
req-0028381,12600
req-0028441,17700
req-0028501,17399
req-0028561,26643
req-0028621,8800
req-0028681,12179
req-0028741,24476
req-0028801,8579
req-0028861,30113
req-0028921,45033
req-0028981,12627
req-0029041,17384
req-0029101,9761
req-0029161,59665
req-0029221,45424
req-0029281,77168
req-0029341,78328
req-0029401,47442
req-0029461,62898
req-0029521,23985
req-0029581,4092
req-0029641,131786
req-0029701,21665
req-0029761,12034
req-0029821,12445
req-0029881,29038
req-0029941,12202
req-0030001,23553
req-0030061,17675
req-0030121,42699
req-0030181,26261
req-0030241,4156
req-0030301,21131
req-0030361,16913
req-0030421,4355
req-0030481,31693
req-0030541,15505
req-0030601,12773
req-0030661,68079
req-0030721,17329
req-0030781,13973
req-0030841,5756
req-0030901,12148
req-0030961,4941
req-0031021,33075
req-0031081,17245
req-0031141,119250
req-0031201,31338
req-0031261,19828
req-0031321,10325
req-0031381,56907
req-0031441,26277
req-0031501,110676
req-0031561,19891
req-0031621,10383
req-0031681,6575
req-0031741,10856
req-0031801,5145
req-0031861,33407
req-0031921,12079
req-0031981,30401
req-0032041,54243
req-0032101,20321
req-0032161,25843
req-0032221,68186
req-0032281,42278
req-0032341,129550
req-0032401,39865
req-0032461,10331
req-0032521,82225
req-0032581,51942
req-0032641,43528
req-0032701,9691
req-0032761,4847
req-0032821,34580
req-0032881,52616
req-0032941,43610
req-0033001,39772
req-0033061,17935
req-0033121,35335
req-0033181,38970
req-0033241,33620
req-0033301,10619
req-0033361,52162
req-0033421,32744
req-0033481,24428
req-0033541,55538
req-0033601,12466
req-0033661,25227
req-0033721,50596
req-0033781,19344
req-0033841,93415
req-0033901,4532
req-0033961,9080
req-0034021,15608
req-0034081,38941
req-0034141,16481
req-0034201,5967
req-0034261,14404
req-0034321,19590
req-0034381,19760
req-0034441,8228
req-0034501,20360
req-0034561,5629
req-0034621,28836
req-0034681,22785
req-0034741,23714
req-0034801,15263
req-0034861,34224
req-0034921,24141
req-0034981,29498
req-0035041,1951
req-0035101,16541
req-0035161,0
req-0035221,166054
req-0035281,12973
req-0035341,36427
req-0035401,12230
req-0035461,12084
req-0035521,26974
req-0035581,15510
req-0035641,24718
req-0035701,44063
req-0035761,22400
req-0035821,56219
req-0035881,28713
req-0035941,27905
req-0036001,9467
req-0036061,10592
req-0036121,41456
req-0036181,14143
req-0036241,23142
req-0036301,0
req-0036361,57112
req-0036421,26185
req-0036481,6962
req-0036541,39181
req-0036601,12365
req-0036661,134232
req-0036721,38764
req-0036781,26783
req-0036841,5404
req-0036901,14358
req-0036961,71680
req-0037021,96455
req-0037081,11822
req-0037141,45765
req-0037201,30391
req-0037261,21242
req-0037321,14242
req-0037381,144285
req-0037441,42690
req-0037501,39328
req-0037561,8655
req-0037621,20459
req-0037681,30854
req-0037741,13677
req-0037801,52015
req-0037861,20124
req-0037921,29300
req-0037981,28498
req-0038041,21925
req-0038101,14860
req-0038161,72120
req-0038221,59475
req-0038281,27093
req-0038341,26216
req-0038401,60510
req-0038461,11702
req-0038521,11710
req-0038581,2232
req-0038641,40335
req-0038701,48613
req-0038761,67441
req-0038821,108234
req-0038881,50285
req-0038941,65560
req-0039001,46049
req-0039061,25875
req-0039121,34761
req-0039181,29929
req-0039241,134477
req-0039301,40359
req-0039361,52925
req-0039421,10369
req-0039481,23385
req-0039541,21667
req-0039601,9737
req-0039661,23995
req-0039721,102382
req-0039781,59842
req-0039841,120887
req-0039901,11051
req-0039961,15123
req-0040021,52869
req-0040081,20075
req-0040141,55085
req-0040201,31960
req-0040261,40024
req-0040321,7888
req-0040381,56293
req-0040441,16818
req-0040501,5890
req-0040561,47385
req-0040621,8038
req-0040681,137117
req-0040741,29719
req-0040801,36738
req-0040861,120988
req-0040921,12774
req-0040981,44664
req-0041041,49350
req-0041101,32678
req-0041161,64348
req-0041221,21232
req-0041281,30363
req-0041341,45680
req-0041401,12934
req-0041461,58451
req-0041521,21425
req-0041581,34126
req-0041641,149833
req-0041701,40159
req-0041761,23766
req-0041821,935
req-0041881,90753
req-0041941,11506
req-0042001,8376
req-0042061,40757
req-0042121,4469
req-0042181,95944
req-0042241,61064
req-0042301,82668
req-0042361,31979
req-0042421,15026
req-0042481,11403
req-0042541,14715
req-0042601,14580
req-0042661,37870
req-0042721,64999
req-0042781,32573
req-0042841,42204
req-0042901,11243
req-0042961,24257
req-0043021,31049
req-0043081,7923
req-0043141,33210
req-0043201,12238
req-0043261,78180
req-0043321,155658
req-0043381,25366
req-0043441,25226
req-0043501,8011
req-0043561,29360
req-0043621,5186
req-0043681,43301
req-0043741,9556
req-0043801,24937
req-0043861,6401
req-0043921,68006
req-0043981,31724
req-0044041,78320
req-0044101,18907
req-0044161,11629
req-0044221,25920
req-0044281,15171
req-0044341,54393
req-0044401,43386
req-0044461,6033
req-0044521,30775
req-0044581,10590
req-0044641,12382
req-0044701,63558
req-0044761,9242
req-0044821,0
req-0044881,17744
req-0044941,13333
req-0045001,36877
req-0045061,0
req-0045121,6918
req-0045181,33003
req-0045241,67763
req-0045301,52603
req-0045361,5625
req-0045421,35893
req-0045481,2461
req-0045541,64383
req-0045601,7693
req-0045661,18091
req-0045721,47640
req-0045781,12088
req-0045841,47104
req-0045901,95155
req-0045961,13389
req-0046021,82577
req-0046081,8067
req-0046141,10179
req-0046201,37951
req-0046261,50975
req-0046321,19116
req-0046381,25850
req-0046441,23912
req-0046501,21213
req-0046561,30488
req-0046621,43443
req-0046681,37052
req-0046741,53949
req-0046801,104008
req-0046861,6499
req-0046921,13931
req-0046981,27754
req-0047041,42826
req-0047101,9537
req-0047161,25570
req-0047221,37629
req-0047281,49936
req-0047341,4108
req-0047401,16273
req-0047461,20018
req-0047521,11368
req-0047581,33009
req-0047641,17029
req-0047701,7381
req-0047761,13930
req-0047821,21581
req-0047881,9738
req-0047941,90833
req-0048001,151880
req-0048061,10645
req-0048121,58784
req-0048181,4372
req-0048241,33279
req-0048301,44743
req-0048361,12796
req-0048421,18650
req-0048481,21448
req-0048541,19490
req-0048601,42469
req-0048661,24936
req-0048721,15423
req-0048781,99993
req-0048841,25701
req-0048901,6547
req-0048961,29427
req-0049021,14097
req-0049081,21496
req-0049141,13561
req-0049201,85056
req-0049261,40416
req-0049321,4236
req-0049381,16718
req-0049441,8036
req-0049501,47859
req-0049561,24991
req-0049621,27099
req-0049681,13886
req-0049741,39023
req-0049801,31508
req-0049861,9863
req-0049921,77901
req-0049981,76336
req-0050041,81856
req-0050101,18103
req-0050161,73265
req-0050221,19495
req-0050281,79200
req-0050341,7968
req-0050401,23041
req-0050461,12851
req-0050521,14851
req-0050581,10085
req-0050641,60151
req-0050701,9144
req-0050761,19798
req-0050821,17169
req-0050881,23660
req-0050941,104933
req-0051001,33150
req-0051061,2604
req-0051121,103137
req-0051181,34344
req-0051241,85816
req-0051301,13038
req-0051361,141591
req-0051421,27365
req-0051481,40730
req-0051541,8938
req-0051601,10651
req-0051661,21092
req-0051721,108807
req-0051781,16862
req-0051841,40385
req-0051901,33829
req-0051961,39595
req-0052021,18281
req-0052081,26079
req-0052141,38771
req-0052201,11499
req-0052261,38327
req-0052321,48967
req-0052381,19386
req-0052441,14699
req-0052501,9068
req-0052561,0
req-0052621,16342
req-0052681,24142
req-0052741,131664
req-0052801,12142
req-0052861,49466
req-0052921,63304
req-0052981,18662
req-0053041,24894
req-0053101,35052
req-0053161,69568
req-0053221,20341
req-0053281,12058
req-0053341,6960
req-0053401,40943
req-0053461,45375
req-0053521,45238
req-0053581,32112
req-0053641,10889
req-0053701,11873
req-0053761,78815
req-0053821,29733
req-0053881,33031
req-0053941,32928
req-0054001,15730
req-0054061,103333
req-0054121,7458
req-0054181,25775
req-0054241,26040
req-0054301,22341
req-0054361,25859
req-0054421,24615
req-0054481,29491
req-0054541,17766
req-0054601,57215
req-0054661,19283
req-0054721,66622
req-0054781,10960
req-0054841,19132
req-0054901,12887
req-0054961,30497
req-0055021,12717
req-0055081,15882
req-0055141,10011
req-0055201,16335
req-0055261,6023
req-0055321,21094
req-0055381,19804
req-0055441,160803
req-0055501,0
req-0055561,22551
req-0055621,26939
req-0055681,68178
req-0055741,73346
req-0055801,71168
req-0055861,96615
req-0055921,28789
req-0055981,28680
req-0056041,29176
req-0056101,24955
req-0056161,2083
req-0056221,25977
req-0056281,27042
req-0056341,13410
req-0056401,13519
req-0056461,34214
req-0056521,40535
req-0056581,26720
req-0056641,27960
req-0056701,94120
req-0056761,15673
req-0056821,15966
req-0056881,5460
req-0056941,64536
req-0057001,25193
req-0057061,10863
req-0057121,8141
req-0057181,7651
req-0057241,26477
req-0057301,5387
req-0057361,15938
req-0057421,4704
req-0057481,33896
req-0057541,50130
req-0057601,15514
req-0057661,14609
req-0057721,17298
req-0057781,90311
req-0057841,18467
req-0057901,50436
req-0057961,16929
req-0058021,27073
req-0058081,13030
req-0058141,74169
req-0058201,19581
req-0058261,4122
req-0058321,12857
req-0058381,75222
req-0058441,27868
req-0058501,35290
req-0058561,11799
req-0058621,14769
req-0058681,29227
req-0058741,37574
req-0058801,18962
req-0058861,131973
req-0058921,6313
req-0058981,28767
req-0059041,14026
req-0059101,9007
req-0059161,27541
req-0059221,25617
req-0059281,25488
req-0059341,41074
req-0059401,14540
req-0059461,67440
req-0059521,22707
req-0059581,130652
req-0059641,59215
req-0059701,34290
req-0059761,38806
req-0059821,10338
req-0059881,28867
req-0059941,10954
req-0060001,142455
req-0060061,6506
req-0060121,25825
req-0060181,27537
req-0060241,12139
req-0060301,77327
req-0060361,115421
req-0060421,28110
req-0060481,18196
req-0060541,25269
req-0060601,73346
req-0060661,12278
req-0060721,25326
req-0060781,0
req-0060841,84267
req-0060901,15371
req-0060961,4952
req-0061021,22583
req-0061081,18903
req-0061141,43764
req-0061201,22713
req-0061261,27433
req-0061321,27032
req-0061381,33066
req-0061441,11432
req-0061501,14697
req-0061561,45197
req-0061621,6729
req-0061681,25547
req-0061741,9000
req-0061801,177566
req-0061861,17839
req-0061921,22654
req-0061981,46826
req-0062041,9639
req-0062101,72216
req-0062161,26251
req-0062221,31855
req-0062281,16629
req-0062341,28406
req-0062401,5654
req-0062461,47167
req-0062521,24581
req-0062581,96936
req-0062641,16853
req-0062701,138783
req-0062761,8329
req-0062821,32681
req-0062881,4539
req-0062941,29992
req-0063001,21499
req-0063061,135803
req-0063121,34047
req-0063181,13152
req-0063241,0
req-0063301,16038
req-0063361,20633
req-0063421,7271
req-0063481,15958
req-0063541,11333
req-0063601,15686
req-0063661,15422
req-0063721,30400
req-0063781,16636
req-0063841,35445
req-0063901,6527
req-0063961,25760
req-0064021,49773
req-0064081,17146
req-0064141,30925
req-0064201,9316
req-0064261,15798
req-0064321,31928
req-0064381,63807
req-0064441,33396
req-0064501,28481
req-0064561,32545
req-0064621,79383
req-0064681,20735
req-0064741,112761
req-0064801,56146
req-0064861,37038
req-0064921,53394
req-0064981,26461
req-0065041,11128
req-0065101,37776
req-0065161,127965
req-0065221,42443
req-0065281,27693
req-0065341,40093
req-0065401,21380
req-0065461,38018
req-0065521,15194
req-0065581,60126
req-0065641,40841
req-0065701,15650
req-0065761,22253
req-0065821,31568
req-0065881,78099
req-0065941,30349
req-0066001,21828
req-0066061,24363
req-0066121,33894
req-0066181,33486
req-0066241,23455
req-0066301,46565
req-0066361,12191
req-0066421,21989
req-0066481,3405
req-0066541,70227
req-0066601,43200
req-0066661,19638
req-0066721,108683
req-0066781,5373
req-0066841,88261
req-0066901,108028
req-0066961,10752
req-0067021,32092
req-0067081,12512
req-0067141,9338
req-0067201,76709
req-0067261,15028
req-0067321,26745
req-0067381,33134
req-0067441,18737
req-0067501,15347
req-0067561,13835
req-0067621,16318
req-0067681,110798
req-0067741,3117
req-0067801,11395
req-0067861,55743
req-0067921,10139
req-0067981,10119
req-0068041,19934
req-0068101,19745
req-0068161,37327
req-0068221,29569
req-0068281,106597
req-0068341,36550
req-0068401,62924
req-0068461,95722
req-0068521,3891
req-0068581,10051
req-0068641,60340
req-0068701,22933
req-0068761,36637
req-0068821,31031
req-0068881,94957
req-0068941,119306
req-0069001,16556
req-0069061,18111
req-0069121,5693
req-0069181,11267
req-0069241,8712
req-0069301,25504
req-0069361,34001
req-0069421,10469
req-0069481,18156
req-0069541,72537
req-0069601,110110
req-0069661,13890
req-0069721,10108
req-0069781,46627
req-0069841,67922
req-0069901,27170
req-0069961,66500
req-0070021,46025
req-0070081,19454
req-0070141,12896
req-0070201,11163
req-0070261,72530
req-0070321,7928
req-0070381,27875
req-0070441,27922
req-0070501,30657
req-0070561,9413
req-0070621,66433
req-0070681,51739
req-0070741,25781
req-0070801,13150
req-0070861,35567
req-0070921,10894
req-0070981,14292
req-0071041,22435
req-0071101,22946
req-0071161,14498
req-0071221,47774
req-0071281,82302
req-0071341,10729
req-0071401,16146
req-0071461,162571
req-0071521,70786
req-0071581,42891
req-0071641,18483
req-0071701,43250
req-0071761,66723
req-0071821,20548
req-0071881,3618
req-0071941,30945
req-0072001,23253
req-0072061,87285
req-0072121,8550
req-0072181,18498
req-0072241,16883
req-0072301,57285
req-0072361,23751
req-0072421,96825
req-0072481,10248
req-0072541,152465
req-0072601,19908
req-0072661,4750
req-0072721,90295
req-0072781,29755
req-0072841,83260
req-0072901,41626
req-0072961,33378
req-0073021,95469
req-0073081,20857
req-0073141,6360
req-0073201,15998
req-0073261,16403
req-0073321,15633
req-0073381,33541
req-0073441,0
req-0073501,58558
req-0073561,18102
req-0073621,7150
req-0073681,64980
req-0073741,49702
req-0073801,83714
req-0073861,46161
req-0073921,35026
req-0073981,27751
req-0074041,22033
req-0074101,10416
req-0074161,5578
req-0074221,157454
req-0074281,94235
req-0074341,22203
req-0074401,80919
req-0074461,72050
req-0074521,25175
req-0074581,21994
req-0074641,7197
req-0074701,34266
req-0074761,67840
req-0074821,134559
req-0074881,26524
req-0074941,36723
req-0075001,114901
req-0075061,7202
req-0075121,46209
req-0075181,15350
req-0075241,14021
req-0075301,0
req-0075361,48130
req-0075421,48946
req-0075481,30440
req-0075541,37017
req-0075601,18377
req-0075661,26388
req-0075721,17664
req-0075781,4684
req-0075841,23848
req-0075901,18443
req-0075961,58635
req-0076021,51932
req-0076081,11504
req-0076141,130283
req-0076201,62602
req-0076261,0
req-0076321,30814
req-0076381,14094
req-0076441,35276
req-0076501,0
req-0076561,41793
req-0076621,84640
req-0076681,49026
req-0076741,45641
req-0076801,36431
req-0076861,43006
req-0076921,15012
req-0076981,26139
req-0077041,29741
req-0077101,24098
req-0077161,6401
req-0077221,31739
req-0077281,11212
req-0077341,14008
req-0077401,69042
req-0077461,112493
req-0077521,3667
req-0077581,71633
req-0077641,15781
req-0077701,9113
req-0077761,10043
req-0077821,12569
req-0077881,5269
req-0077941,15217
req-0078001,33186
req-0078061,14312
req-0078121,58375
req-0078181,133934
req-0078241,19395
req-0078301,30348
req-0078361,7683
req-0078421,19683
req-0078481,66118
req-0078541,25592
req-0078601,8450
req-0078661,22901
req-0078721,24064
req-0078781,11124
req-0078841,7336
req-0078901,37018
req-0078961,23292
req-0079021,8400
req-0079081,5418
req-0079141,23399
req-0079201,24727
req-0079261,118238
req-0079321,20600
req-0079381,6297
req-0079441,22752
req-0079501,50011
req-0079561,50893
req-0079621,59426
req-0079681,12390
req-0079741,33645
req-0079801,21628
req-0079861,70720
req-0079921,18525
req-0079981,100985
req-0080041,43342
req-0080101,7380
req-0080161,82755
req-0080221,45843
req-0080281,6464
req-0080341,16479
req-0080401,35195
req-0080461,25329
req-0080521,9103
req-0080581,20146
req-0080641,12864
req-0080701,17123
req-0080761,48705
req-0080821,14018
req-0080881,44473
req-0080941,14672
req-0081001,35433
req-0081061,12077
req-0081121,7528
req-0081181,16246
req-0081241,57996
req-0081301,13820
req-0081361,8413
req-0081421,44713
req-0081481,14225
req-0081541,32638
req-0081601,27956
req-0081661,73510
req-0081721,26914
req-0081781,9138
req-0081841,48080
req-0081901,21421
req-0081961,28733
req-0082021,37109
req-0082081,36493
req-0082141,25121
req-0082201,31350
req-0082261,12417
req-0082321,74199
req-0082381,44469
req-0082441,13633
req-0082501,49324
req-0082561,2815
req-0082621,11668
req-0082681,3167
req-0082741,92436
req-0082801,84083
req-0082861,194885
req-0082921,19683
req-0082981,26006
req-0083041,24370
req-0083101,24392
req-0083161,28738
req-0083221,32063
req-0083281,11167
req-0083341,21576
req-0083401,48813
req-0083461,22896
req-0083521,159090
req-0083581,23256
req-0083641,29435
req-0083701,92613
req-0083761,94282
req-0083821,15187
req-0083881,43476
req-0083941,9269
req-0084001,35357
req-0084061,177080
req-0084121,19880
req-0084181,91310
req-0084241,37627
req-0084301,26312
req-0084361,68645
req-0084421,38270
req-0084481,35245
req-0084541,18397
req-0084601,12087
req-0084661,20317
req-0084721,36164
req-0084781,21719
req-0084841,45538
req-0084901,11225
req-0084961,22917
req-0085021,36969
req-0085081,48167
req-0085141,63707
req-0085201,6989
req-0085261,37719
req-0085321,12393
req-0085381,57197
req-0085441,29431
req-0085501,16910
req-0085561,14185
req-0085621,22249
req-0085681,27502
req-0085741,6899
req-0085801,6365
req-0085861,48261
req-0085921,60781
req-0085981,17948
req-0086041,47802
req-0086101,6325
req-0086161,12227
req-0086221,24298
req-0086281,53376
req-0086341,37782
req-0086401,69661
req-0086461,8997
req-0086521,27606
req-0086581,55957
req-0086641,33051
req-0086701,32701
req-0086761,90690
req-0086821,40790
req-0086881,6969
req-0086941,13783
req-0087001,20925
req-0087061,158205
req-0087121,11219
req-0087181,29643
req-0087241,79775
req-0087301,21819
req-0087361,39332
req-0087421,22250
req-0087481,27333
req-0087541,11150
req-0087601,20100
req-0087661,7909
req-0087721,36597
req-0087781,108843
req-0087841,38062
req-0087901,11227
req-0087961,46758
req-0088021,17646
req-0088081,45510
req-0088141,15706
req-0088201,7193
req-0088261,47925
req-0088321,8142
req-0088381,14609
req-0088441,43950
req-0088501,21728
req-0088561,34973
req-0088621,2406
req-0088681,9922
req-0088741,17828
req-0088801,18896
req-0088861,15812
req-0088921,173135
req-0088981,12923
req-0089041,31145
req-0089101,4399
req-0089161,97310
req-0089221,53827
req-0089281,13004
req-0089341,59455
req-0089401,54571
req-0089461,10959
req-0089521,60621
req-0089581,13602
req-0089641,35558
req-0089701,26975
req-0089761,27197
req-0089821,9253
req-0089881,35454
req-0089941,12221
req-0090001,47282
req-0090061,59971
req-0090121,40576
req-0090181,35190
req-0090241,25891
req-0090301,10749
req-0090361,41149
req-0090421,44086
req-0090481,19120
req-0090541,68034
req-0090601,15648
req-0090661,24029
req-0090721,76758
req-0090781,20456
req-0090841,42328
req-0090901,29780
req-0090961,9025
req-0091021,9681
req-0091081,5118
req-0091141,153449
req-0091201,16547
req-0091261,12274
req-0091321,36579
req-0091381,56938
req-0091441,31207
req-0091501,19875
req-0091561,31537
req-0091621,32861
req-0091681,71681
req-0091741,94724
req-0091801,32886
req-0091861,182393
req-0091921,50450
req-0091981,45965
req-0092041,8928
req-0092101,51476
req-0092161,40172
req-0092221,11926
req-0092281,29674
req-0092341,29876
req-0092401,84755
req-0092461,48898
req-0092521,14085
req-0092581,2494
req-0092641,17311
req-0092701,20310
req-0092761,148257
req-0092821,53348
req-0092881,22408
req-0092941,19646
req-0093001,7400
req-0093061,31732
req-0093121,6886
req-0093181,42173
req-0093241,13808
req-0093301,34255
req-0093361,64537
req-0093421,0
req-0093481,14845
req-0093541,83023
req-0093601,12754
req-0093661,126391
req-0093721,85581
req-0093781,9777
req-0093841,17344
req-0093901,63138
req-0093961,42818
req-0094021,6925
req-0094081,23168
req-0094141,14729
req-0094201,11699
req-0094261,57254
req-0094321,43032
req-0094381,11233
req-0094441,66096
req-0094501,25919
req-0094561,68240
req-0094621,75407
req-0094681,43076
req-0094741,16038
req-0094801,2623
req-0094861,26814
req-0094921,35433
req-0094981,10094
req-0095041,24499
req-0095101,20393
req-0095161,6620
req-0095221,27946
req-0095281,11261
req-0095341,17536
req-0095401,16100
req-0095461,18884
req-0095521,36802
req-0095581,50837
req-0095641,13325
req-0095701,45492
req-0095761,18936
req-0095821,22743
req-0095881,65966
req-0095941,15394
req-0096001,13605
req-0096061,10263
req-0096121,10948
req-0096181,116563
req-0096241,15749
req-0096301,110141
req-0096361,21283
req-0096421,16512
req-0096481,4743
req-0096541,34079
req-0096601,43996
req-0096661,43645
req-0096721,45928
req-0096781,20122
req-0096841,41171
req-0096901,15829
req-0096961,17077
req-0097021,0
req-0097081,46460
req-0097141,58883
req-0097201,182633
req-0097261,5816
req-0097321,58935
req-0097381,27538
req-0097441,23021
req-0097501,58573
req-0097561,69585
req-0097621,57193
req-0097681,27648
req-0097741,16495
req-0097801,46953
req-0097861,12744
req-0097921,3538
req-0097981,6701
req-0098041,44581
req-0098101,4374
req-0098161,39968
req-0098221,26890
req-0098281,24189
req-0098341,30358
req-0098401,36406
req-0098461,13055
req-0098521,96683
req-0098581,27574
req-0098641,6932
req-0098701,4922
req-0098761,17352
req-0098821,20661
req-0098881,3457
req-0098941,57485
req-0099001,35361
req-0099061,10764
req-0099121,53771
req-0099181,32267
req-0099241,53770
req-0099301,14577
req-0099361,33332
req-0099421,14463
req-0099481,6591
req-0099541,36935
req-0099601,1062
req-0099661,28658
req-0099721,103730
req-0099781,16190
req-0099841,6223
req-0099901,30818
req-0099961,32416
req-0100021,40959
req-0100081,35332
req-0100141,91600
req-0100201,33341
req-0100261,21848
req-0100321,66671
req-0100381,9794
req-0100441,25221
req-0100501,109925
req-0100561,68944
req-0100621,28108
req-0100681,3934
req-0100741,36128
req-0100801,7476
req-0100861,0
req-0100921,78927
req-0100981,17994
req-0101041,38750
req-0101101,18547
req-0101161,48182
req-0101221,27624
req-0101281,12049
req-0101341,19618
req-0101401,22782
req-0101461,139228
req-0101521,6207
req-0101581,26254
req-0101641,156136
req-0101701,17808
req-0101761,27485
req-0101821,21193
req-0101881,25457
req-0101941,5516
req-0102001,15709
req-0102061,10707
req-0102121,36034
req-0102181,38852
req-0102241,33548
req-0102301,33019
req-0102361,50762
req-0102421,16608
req-0102481,9678
req-0102541,29284
req-0102601,15987
req-0102661,13500
req-0102721,42310
req-0102781,47065
req-0102841,28725
req-0102901,14446
req-0102961,22157
req-0103021,38688
req-0103081,40935
req-0103141,173342
req-0103201,7592
req-0103261,6973
req-0103321,13761
req-0103381,45664
req-0103441,177541
req-0103501,19814
req-0103561,9556
req-0103621,55554
req-0103681,7703
req-0103741,84365
req-0103801,69705
req-0103861,20414
req-0103921,90277
req-0103981,7205
req-0104041,16915
req-0104101,20236
req-0104161,43736
req-0104221,31914
req-0104281,165614
req-0104341,30403
req-0104401,13587
req-0104461,16176
req-0104521,49675
req-0104581,13880
req-0104641,60468
req-0104701,27034
req-0104761,67040
req-0104821,19163
req-0104881,13948
req-0104941,8991
req-0105001,17250
req-0105061,4872
req-0105121,27445
req-0105181,25195
req-0105241,26917
req-0105301,23069
req-0105361,37680
req-0105421,16118
req-0105481,18792
req-0105541,24444
req-0105601,49938
req-0105661,11908
req-0105721,8501
req-0105781,4558
req-0105841,18242
req-0105901,2675
req-0105961,27532
req-0106021,19670
req-0106081,20214
req-0106141,18710
req-0106201,37842
req-0106261,17016
req-0106321,8466
req-0106381,21560
req-0106441,24128
req-0106501,37778
req-0106561,135553
req-0106621,4060
req-0106681,32190
req-0106741,10395
req-0106801,86856
req-0106861,10106
req-0106921,33194
req-0106981,0
req-0107041,13139
req-0107101,46514
req-0107161,11801
req-0107221,18248
req-0107281,37933
req-0107341,8777
req-0107401,16794
req-0107461,38416
req-0107521,17373
req-0107581,26109
req-0107641,85743
req-0107701,69603
req-0107761,49078
req-0107821,77954
req-0107881,18075
req-0107941,18536
req-0108001,33532
req-0108061,12266
req-0108121,21053
req-0108181,79156
req-0108241,28904
req-0108301,76184
req-0108361,20804
req-0108421,15578
req-0108481,17289
req-0108541,17241
req-0108601,33936
req-0108661,12135
req-0108721,12281
req-0108781,15538
req-0108841,48048
req-0108901,47732
req-0108961,35951
req-0109021,30133
req-0109081,15511
req-0109141,20674
req-0109201,13266
req-0109261,179659
req-0109321,27671
req-0109381,19846
req-0109441,9037
req-0109501,13779
req-0109561,17444
req-0109621,30322
req-0109681,30121
req-0109741,125546
req-0109801,22913
req-0109861,93267
req-0109921,6640
req-0109981,26630
req-0110041,10296
req-0110101,2816
req-0110161,23702
req-0110221,41230
req-0110281,32542
req-0110341,25079
req-0110401,28377
req-0110461,6551
req-0110521,11782
req-0110581,7603
req-0110641,26956
req-0110701,35083
req-0110761,8371
req-0110821,27847
req-0110881,21207
req-0110941,8791
req-0111001,43108
req-0111061,30688
req-0111121,38828
req-0111181,19106
req-0111241,23312
req-0111301,21730
req-0111361,43575
req-0111421,0
req-0111481,3423
req-0111541,37688
req-0111601,10955
req-0111661,15136
req-0111721,11788
req-0111781,16571
req-0111841,7098
req-0111901,77508
req-0111961,11926
req-0112021,20457
req-0112081,15391
req-0112141,123281
req-0112201,41208
req-0112261,25078
req-0112321,9923
req-0112381,15856
req-0112441,17173
req-0112501,42435
req-0112561,20149
req-0112621,33530
req-0112681,13522
req-0112741,5166
req-0112801,35445
req-0112861,4393
req-0112921,63003
req-0112981,67933
req-0113041,13550
req-0113101,27318
req-0113161,24185
req-0113221,16195
req-0113281,36577
req-0113341,72589
req-0113401,16822
req-0113461,7300
req-0113521,21615
req-0113581,31786
req-0113641,17503
req-0113701,24651
req-0113761,52555
req-0113821,27885
req-0113881,11765
req-0113941,16744
req-0114001,101224
req-0114061,17909
req-0114121,15665
req-0114181,12210
req-0114241,21623
req-0114301,3194
req-0114361,17317
req-0114421,47218
req-0114481,0
req-0114541,80532
req-0114601,8458
req-0114661,31998
req-0114721,13113
req-0114781,20710
req-0114841,9287
req-0114901,19768
req-0114961,35053
req-0115021,6700
req-0115081,105577
req-0115141,46873
req-0115201,45505
req-0115261,18668
req-0115321,31211
req-0115381,11361
req-0115441,28671
req-0115501,26625
req-0115561,24899
req-0115621,17789
req-0115681,35475
req-0115741,24759
req-0115801,35084
req-0115861,62529
req-0115921,18979
req-0115981,8551
req-0116041,3209
req-0116101,12200
req-0116161,20722
req-0116221,57943
req-0116281,32227
req-0116341,4790
req-0116401,4644
req-0116461,60840
req-0116521,19344
req-0116581,25949
req-0116641,9816
req-0116701,17850
req-0116761,111411
req-0116821,5106
req-0116881,129746
req-0116941,12161
req-0117001,11824
req-0117061,76241
req-0117121,24817
req-0117181,51423
req-0117241,13105
req-0117301,16088
req-0117361,16270
req-0117421,22595
req-0117481,150781
req-0117541,25326
req-0117601,34833
req-0117661,11448
req-0117721,92647
req-0117781,25480
req-0117841,48423
req-0117901,44215
req-0117961,60625
req-0118021,25639
req-0118081,8853
req-0118141,27254
req-0118201,28560
req-0118261,11652
req-0118321,36439
req-0118381,40703
req-0118441,14698
req-0118501,15199
req-0118561,20512
req-0118621,16413
req-0118681,21574
req-0118741,63568
req-0118801,14401
req-0118861,21968
req-0118921,11415
req-0118981,54287
req-0119041,0
req-0119101,11173
req-0119161,9913
req-0119221,64131
req-0119281,55064
req-0119341,78324
req-0119401,20364
req-0119461,3816
req-0119521,74294
req-0119581,163569
req-0119641,91407
req-0119701,38211
req-0119761,42466
req-0119821,39245
req-0119881,31637
req-0119941,23879
